"variables","spearman with ""bug""","pearson with ""bug""","spearman p-value","pearson p-value"
"wmc",0.314245033897024,0.378792310824445,4.92001760478498e-18,4.38648754228633e-26
"dit",-0.026123015701173,-0.00186037210932468,0.483105094456787,0.960173069506416
"noc",0.0909442593598713,0.0549159990641536,0.0144367314952927,0.140165251658176
"cbo",0.217623951145338,0.223544214105094,3.36961906023467e-09,1.22089017511793e-09
"rfc",0.356341649438804,0.459293644174618,4.53161841385949e-23,5.18280073436816e-39
"lcom",0.25925161656148,0.307575722358323,1.43874426253669e-12,2.6291022819804e-17
