"variables","min","1st Qu","median","mean","3rd Qu","max","skewness","kurtosis"
"wmc",0,3,6,11.4495159059474,12.5,123,3.47098836957836,15.0362240505368
"dit",1,1,2,2.56569847856155,4,8,0.655504819974644,-0.306614489286725
"noc",0,0,0,0.608575380359613,0,29,7.3171155616407,62.9852124140953
"cbo",0,4,8,14.4979253112033,18,171,3.46485497594133,16.3574051058002
"rfc",0,8,19,30.1618257261411,41,355,3.008470365213,14.570494751981
"lcom",0,0,3,130.081604426003,22.5,6589,7.66843997035903,66.9399610908969
